,latitude,longitude,bright_ti4,scan,track,acq_date,acq_time,satellite,instrument,confidence,version,bright_ti5,frp,daynight,type
0,10.351842,-61.460003,304.2,0.56,0.43,1/3/2021,554,N,VIIRS,n,1,292.03,0.82,N,0
2,10.407093,-61.48061,305.55,0.38,0.36,1/4/2021,536,N,VIIRS,n,1,293.51,1.32,N,0
1,10.417019,-61.479012,305.29,0.38,0.36,1/4/2021,536,N,VIIRS,n,1,294.71,0.83,N,2
3,10.623645,-61.455776,310.3,0.46,0.39,1/10/2021,524,N,VIIRS,n,1,290.18,0.71,N,0
4,10.4153,-61.483971,327.14,0.55,0.68,1/10/2021,1806,N,VIIRS,n,1,292.06,2.64,D,0
5,10.579346,-61.389568,340.04,0.54,0.51,1/11/2021,1748,N,VIIRS,n,1,298.63,5.68,D,0
6,10.415857,-61.474632,302.8,0.62,0.71,1/12/2021,624,N,VIIRS,n,1,286.52,1.25,N,0
7,10.413943,-61.279732,330.39,0.42,0.38,1/13/2021,1712,N,VIIRS,n,1,298.13,2.57,D,0
8,10.368029,-61.383278,330.59,0.51,0.41,1/17/2021,1736,N,VIIRS,n,1,299.79,2.26,D,0
9,10.437649,-61.46339,329.97,0.5,0.41,1/17/2021,1736,N,VIIRS,n,1,301.25,1.98,D,0
10,10.437769,-61.462162,333.37,0.5,0.41,1/17/2021,1736,N,VIIRS,n,1,301.3,2.42,D,0
11,10.409734,-61.478512,303.86,0.38,0.59,1/18/2021,612,N,VIIRS,n,1,291.12,1.28,N,2
13,10.404474,-61.462276,301.77,0.38,0.36,1/20/2021,536,N,VIIRS,n,1,290.62,0.55,N,2
12,10.417149,-61.478165,304.66,0.38,0.36,1/20/2021,536,N,VIIRS,n,1,292.88,0.55,N,2
14,10.378039,-61.437027,328.25,0.38,0.59,1/22/2021,454,N,VIIRS,n,1,292.03,1.62,N,0
16,10.54388,-61.455597,333.75,0.51,0.41,1/24/2021,1706,N,VIIRS,n,1,297.81,3.93,D,0
15,10.462028,-61.433926,348.59,0.51,0.41,1/24/2021,1706,N,VIIRS,n,1,300.05,26.73,D,0
17,10.633062,-61.361103,337.37,0.5,0.41,1/24/2021,1706,N,VIIRS,n,1,304.62,5.52,D,0
18,10.404119,-61.459942,311.23,0.4,0.37,1/25/2021,542,N,VIIRS,n,1,292.04,1.04,N,0
20,10.466012,-61.434845,367,0.34,0.56,1/25/2021,1648,N,VIIRS,h,1,293.14,6.68,D,0
19,10.217609,-61.625107,319.89,0.4,0.37,1/25/2021,542,N,VIIRS,n,1,293.64,1.79,N,3
21,10.216775,-61.627403,296.39,0.47,0.39,1/26/2021,524,N,VIIRS,n,1,272.33,0.9,N,3
22,10.216319,-61.626911,306.02,0.61,0.53,1/27/2021,500,N,VIIRS,n,1,292.61,1.32,N,0
23,10.435488,-61.439766,330.81,0.53,0.5,1/27/2021,1748,N,VIIRS,n,1,300.09,2.74,D,0
24,10.198046,-61.644341,333.22,0.42,0.38,1/28/2021,1730,N,VIIRS,n,1,300.41,4.05,D,3
26,10.491533,-61.450298,336.22,0.43,0.38,1/28/2021,1730,N,VIIRS,n,1,301.21,3.77,D,0
25,10.359334,-61.419266,333.6,0.43,0.38,1/28/2021,1730,N,VIIRS,n,1,301.57,3.31,D,0
27,10.219711,-61.01511,332.41,0.41,0.37,1/29/2021,1712,N,VIIRS,n,1,300.11,4.46,D,0
28,10.336666,-61.374599,333.14,0.43,0.38,1/29/2021,1712,N,VIIRS,n,1,302.7,4.16,D,0
30,10.402952,-61.463009,303.34,0.46,0.39,1/30/2021,548,N,VIIRS,n,1,292.86,0.96,N,0
31,10.216637,-61.624847,306.85,0.46,0.39,1/30/2021,548,N,VIIRS,n,1,294.47,1.18,N,3
29,10.409358,-61.479202,306.19,0.46,0.39,1/30/2021,548,N,VIIRS,n,1,294.68,0.96,N,2
32,10.403613,-61.459873,303.95,0.4,0.37,1/31/2021,530,N,VIIRS,n,1,291.36,0.35,N,0
33,10.321832,-61.449417,304.35,0.4,0.37,1/31/2021,530,N,VIIRS,n,1,292.41,0.73,N,0
34,10.387827,-61.407436,341.67,0.34,0.56,2/1/2021,1754,N,VIIRS,n,1,292.27,3.02,D,0
36,10.594939,-61.371674,331.28,0.35,0.56,2/1/2021,1754,N,VIIRS,n,1,295.55,2.32,D,0
35,10.501542,-61.433029,338.19,0.34,0.56,2/1/2021,1754,N,VIIRS,n,1,295.83,3.26,D,0
37,10.359192,-61.017223,332.41,0.53,0.42,2/2/2021,1736,N,VIIRS,n,1,297.85,4.46,D,0
38,10.419177,-61.485771,308.43,0.38,0.36,2/5/2021,536,N,VIIRS,n,1,291.77,0.69,N,2
40,10.322566,-61.450871,307.74,0.38,0.36,2/5/2021,536,N,VIIRS,n,1,291.83,1.46,N,0
39,10.40815,-61.480377,308.37,0.38,0.36,2/5/2021,536,N,VIIRS,n,1,292.14,0.86,N,2
42,10.448335,-61.465206,336.49,0.43,0.62,2/5/2021,1642,N,VIIRS,n,1,293.82,6.56,D,0
41,10.449095,-61.46122,343.63,0.43,0.62,2/5/2021,1642,N,VIIRS,n,1,294.12,9,D,0
43,10.4108,-61.480717,304.85,0.38,0.59,2/7/2021,454,N,VIIRS,n,1,290.93,1.53,N,2
48,10.622319,-61.412533,333.14,0.42,0.45,2/7/2021,1742,N,VIIRS,n,1,298.37,2.15,D,0
44,10.388746,-61.456165,332.29,0.42,0.45,2/7/2021,1742,N,VIIRS,n,1,299.19,2.76,D,0
47,10.606595,-61.402493,340.08,0.42,0.45,2/7/2021,1742,N,VIIRS,n,1,300.51,4.97,D,0
45,10.45692,-61.433151,355.29,0.42,0.45,2/7/2021,1742,N,VIIRS,n,1,303.24,33.36,D,0
46,10.456405,-61.436993,348.93,0.42,0.45,2/7/2021,1742,N,VIIRS,n,1,307.36,33.36,D,0
49,10.409981,-61.481209,303.74,0.49,0.65,2/8/2021,618,N,VIIRS,n,1,290.6,1.01,N,2
53,10.456697,-61.449738,337.98,0.39,0.36,2/8/2021,1724,N,VIIRS,n,1,298.24,3.67,D,0
51,10.394232,-61.462051,335.88,0.39,0.36,2/8/2021,1724,N,VIIRS,n,1,298.91,2.94,D,0
50,10.39476,-61.458515,337.99,0.39,0.36,2/8/2021,1724,N,VIIRS,n,1,300.01,2.94,D,0
52,10.418232,-61.48378,330.86,0.39,0.36,2/8/2021,1724,N,VIIRS,l,1,302.5,1.93,D,2
65,10.687123,-61.224827,327.87,0.49,0.4,2/9/2021,1706,N,VIIRS,n,1,295.69,2.73,D,0
56,10.438374,-61.106716,334.14,0.49,0.4,2/9/2021,1706,N,VIIRS,n,1,298.72,3.33,D,0
55,10.370517,-61.381504,337.73,0.5,0.41,2/9/2021,1706,N,VIIRS,n,1,302.45,7.29,D,0
64,10.571298,-61.360554,336.51,0.5,0.41,2/9/2021,1706,N,VIIRS,n,1,302.71,3,D,0
63,10.58332,-61.241894,338.83,0.49,0.4,2/9/2021,1706,N,VIIRS,n,1,303.05,7.07,D,0
62,10.510194,-61.426739,335.83,0.5,0.41,2/9/2021,1706,N,VIIRS,n,1,303.39,2.14,D,0
54,10.293565,-61.356277,342.13,0.5,0.41,2/9/2021,1706,N,VIIRS,n,1,303.73,7.81,D,0
61,10.510942,-61.422134,334,0.5,0.41,2/9/2021,1706,N,VIIRS,n,1,303.77,2.14,D,0
59,10.447788,-61.454128,334.53,0.51,0.41,2/9/2021,1706,N,VIIRS,n,1,304.27,15.31,D,0
60,10.485395,-61.460453,334.62,0.51,0.41,2/9/2021,1706,N,VIIRS,l,1,305.07,5.15,D,0
58,10.444027,-61.453499,347.16,0.51,0.41,2/9/2021,1706,N,VIIRS,n,1,305.44,15.31,D,0
57,10.421464,-61.449696,344.99,0.51,0.41,2/9/2021,1706,N,VIIRS,n,1,305.51,5.11,D,0
66,10.627941,-61.316895,306.59,0.41,0.37,2/10/2021,542,N,VIIRS,n,1,292.37,0.47,N,0
67,10.409481,-61.477631,325.62,0.4,0.37,2/10/2021,542,N,VIIRS,n,1,294.22,2.13,N,0
68,10.410076,-61.481304,307.54,0.4,0.37,2/10/2021,542,N,VIIRS,n,1,294.36,2.6,N,2
74,10.515052,-61.445938,339.22,0.34,0.56,2/10/2021,1648,N,VIIRS,n,1,294.79,2.59,D,0
72,10.513309,-61.446732,325.46,0.34,0.56,2/10/2021,1648,N,VIIRS,n,1,295.55,3.57,D,0
73,10.509933,-61.444988,332.1,0.34,0.56,2/10/2021,1648,N,VIIRS,n,1,296.15,2.59,D,0
70,10.30035,-61.354633,330.69,0.33,0.56,2/10/2021,1648,N,VIIRS,n,1,296.19,3.92,D,0
69,10.298612,-61.353573,336.19,0.34,0.56,2/10/2021,1648,N,VIIRS,n,1,296.52,4.26,D,0
71,10.513861,-61.443638,353.75,0.34,0.56,2/10/2021,1648,N,VIIRS,n,1,297.01,3.57,D,0
81,10.410214,-61.414505,334.5,0.56,0.69,2/11/2021,1806,N,VIIRS,n,1,287.87,5.46,D,0
80,10.407947,-61.416214,326.41,0.56,0.69,2/11/2021,1806,N,VIIRS,n,1,288.09,4.26,D,0
76,10.615312,-61.299232,316.99,0.45,0.39,2/11/2021,524,N,VIIRS,n,1,291.42,1.24,N,0
77,10.404631,-61.46117,304.22,0.46,0.39,2/11/2021,524,N,VIIRS,n,1,291.44,0.55,N,2
75,10.615922,-61.303387,302.23,0.45,0.39,2/11/2021,524,N,VIIRS,n,1,291.49,1.3,N,0
79,10.408577,-61.410995,342.15,0.56,0.69,2/11/2021,1806,N,VIIRS,n,1,291.77,4.26,D,0
78,10.32074,-61.45092,307.31,0.46,0.39,2/11/2021,524,N,VIIRS,n,1,292.41,1.37,N,0
82,10.40846,-61.478313,302.51,0.6,0.53,2/12/2021,500,N,VIIRS,n,1,290.06,1.23,N,2
83,10.636491,-61.480194,297.87,0.46,0.39,2/15/2021,548,N,VIIRS,n,1,270.34,0.52,N,0
84,10.320649,-61.447777,305.25,0.46,0.39,2/15/2021,548,N,VIIRS,n,1,286.06,0.71,N,0
85,10.370203,-61.411488,328.18,0.53,0.5,2/15/2021,1654,N,VIIRS,n,1,287.31,3.71,D,0
86,10.369296,-61.408482,326.73,0.53,0.5,2/15/2021,1654,N,VIIRS,n,1,289.49,4.69,D,0
88,10.320457,-61.450699,301.24,0.4,0.37,2/16/2021,530,N,VIIRS,n,1,279.03,0.58,N,0
87,10.635924,-61.481483,302.15,0.4,0.37,2/16/2021,530,N,VIIRS,n,1,281.54,0.61,N,0
90,10.320041,-61.450378,307.96,0.47,0.47,2/17/2021,506,N,VIIRS,n,1,292.95,1.3,N,0
89,10.409204,-61.47897,303.3,0.47,0.48,2/17/2021,506,N,VIIRS,n,1,293.12,0.79,N,2
94,10.472509,-61.455742,304.66,0.49,0.65,2/18/2021,448,N,VIIRS,n,1,290.13,1.78,N,0
92,10.468349,-61.461197,305.13,0.49,0.65,2/18/2021,448,N,VIIRS,n,1,290.23,1.48,N,0
91,10.474406,-61.460392,304.84,0.49,0.65,2/18/2021,448,N,VIIRS,n,1,290.24,0.98,N,0
95,10.323689,-61.453171,308.54,0.49,0.65,2/18/2021,448,N,VIIRS,n,1,290.55,1.23,N,0
93,10.473092,-61.460339,317.91,0.49,0.65,2/18/2021,448,N,VIIRS,n,1,290.69,3.16,N,0
96,10.323345,-61.448082,307.35,0.39,0.59,2/19/2021,612,N,VIIRS,n,1,292.63,1.01,N,0
98,10.407248,-61.481052,303.4,0.38,0.36,2/21/2021,536,N,VIIRS,n,1,291.74,1.11,N,2
99,10.320704,-61.44841,315.09,0.38,0.36,2/21/2021,536,N,VIIRS,n,1,291.83,0.82,N,0
97,10.417173,-61.479454,308.35,0.38,0.36,2/21/2021,536,N,VIIRS,n,1,293.09,0.97,N,2
100,10.417809,-61.480949,303.81,0.56,0.43,2/22/2021,518,N,VIIRS,n,1,287.9,1.07,N,2
101,10.320365,-61.448254,304.32,0.56,0.43,2/22/2021,518,N,VIIRS,n,1,288.22,1.59,N,0
102,10.321597,-61.449894,307.92,0.56,0.43,2/22/2021,518,N,VIIRS,n,1,288.29,1.51,N,0
106,10.435718,-61.474373,338.4,0.34,0.56,2/26/2021,1648,N,VIIRS,n,1,286.11,1.31,D,0
104,10.322133,-61.45018,304.54,0.4,0.37,2/26/2021,542,N,VIIRS,n,1,291.33,0.53,N,0
103,10.417713,-61.479626,335.42,0.4,0.37,2/26/2021,542,N,VIIRS,n,1,292.14,4.42,N,2
105,10.418579,-61.480896,367,0.34,0.56,2/26/2021,1648,N,VIIRS,h,1,292.91,8.06,D,2
109,10.409156,-61.480377,302.48,0.46,0.39,2/27/2021,524,N,VIIRS,n,1,289.14,1.55,N,2
107,10.419993,-61.478725,310.44,0.46,0.39,2/27/2021,524,N,VIIRS,n,1,290.9,1.76,N,2
108,10.416381,-61.479271,338.68,0.46,0.39,2/27/2021,524,N,VIIRS,n,1,291.92,11.42,N,2
110,10.41636,-61.479935,337.84,0.6,0.53,2/28/2021,500,N,VIIRS,n,1,291.6,4.65,N,2
111,10.23451,-61.488579,341.14,0.52,0.5,2/28/2021,1748,N,VIIRS,n,1,300.17,7.55,D,0
112,10.418401,-61.476681,342.41,0.53,0.5,2/28/2021,1748,N,VIIRS,n,1,301.95,9.27,D,2
113,10.416792,-61.479748,342.94,0.53,0.5,2/28/2021,1748,N,VIIRS,n,1,303.13,7.09,D,2
114,10.27002,-61.425873,330.09,0.43,0.38,3/1/2021,1730,N,VIIRS,n,1,298.85,3.09,D,0
120,10.437645,-61.454533,331.68,0.43,0.38,3/1/2021,1730,N,VIIRS,n,1,300.86,2.28,D,0
119,10.416265,-61.479221,341.52,0.43,0.38,3/1/2021,1730,N,VIIRS,n,1,301.33,5.59,D,2
115,10.315703,-61.380726,339.56,0.43,0.38,3/1/2021,1730,N,VIIRS,n,1,301.66,3.58,D,0
116,10.315138,-61.384632,334.45,0.43,0.38,3/1/2021,1730,N,VIIRS,n,1,303.55,3.58,D,0
118,10.363153,-61.427773,338.44,0.43,0.38,3/1/2021,1730,N,VIIRS,n,1,303.85,6.77,D,0
117,10.36586,-61.427967,339.45,0.43,0.38,3/1/2021,1730,N,VIIRS,n,1,304.9,6.7,D,0
121,10.420182,-61.478745,304.99,0.6,0.53,3/2/2021,606,N,VIIRS,n,1,291.13,1.07,N,2
122,10.415322,-61.479645,303.08,0.6,0.53,3/2/2021,606,N,VIIRS,n,1,291.67,1.81,N,2
131,10.191315,-61.624432,328.72,0.44,0.38,3/2/2021,1712,N,VIIRS,l,1,301.73,2.78,D,0
132,10.241805,-61.350571,336.73,0.43,0.38,3/2/2021,1712,N,VIIRS,l,1,306.9,4.83,D,0
137,10.369734,-61.414337,338.61,0.43,0.38,3/2/2021,1712,N,VIIRS,n,1,307.35,4.38,D,0
127,10.196891,-61.431274,334.71,0.43,0.38,3/2/2021,1712,N,VIIRS,l,1,307.48,6.03,D,0
129,10.21456,-61.410072,335.87,0.43,0.38,3/2/2021,1712,N,VIIRS,n,1,308.51,3.64,D,0
140,10.37829,-61.427704,333.85,0.43,0.38,3/2/2021,1712,N,VIIRS,l,1,308.59,4.21,D,0
135,10.293967,-61.410233,334.17,0.43,0.38,3/2/2021,1712,N,VIIRS,n,1,308.83,3.27,D,0
142,10.457653,-61.472713,334.15,0.43,0.38,3/2/2021,1712,N,VIIRS,l,1,308.85,3.3,D,0
136,10.293344,-61.414131,335.07,0.43,0.38,3/2/2021,1712,N,VIIRS,n,1,308.97,3.27,D,0
139,10.372584,-61.418804,335.02,0.43,0.38,3/2/2021,1712,N,VIIRS,n,1,309.1,4.38,D,0
123,10.191166,-61.422329,337.42,0.43,0.38,3/2/2021,1712,N,VIIRS,n,1,309.19,3.48,D,0
124,10.190541,-61.426239,341.85,0.43,0.38,3/2/2021,1712,N,VIIRS,n,1,309.38,4.26,D,0
141,10.456256,-61.476505,347.59,0.43,0.38,3/2/2021,1712,N,VIIRS,n,1,309.48,5.13,D,0
143,10.45702,-61.476627,347.45,0.43,0.38,3/2/2021,1712,N,VIIRS,n,1,309.54,7.01,D,0
138,10.373213,-61.414894,343.72,0.43,0.38,3/2/2021,1712,N,VIIRS,n,1,310.06,4.38,D,0
126,10.194028,-61.4268,348.07,0.43,0.38,3/2/2021,1712,N,VIIRS,n,1,310.21,6.03,D,0
125,10.194652,-61.422894,350.66,0.43,0.38,3/2/2021,1712,N,VIIRS,n,1,311.04,9.8,D,0
130,10.216188,-61.422333,339.52,0.43,0.38,3/2/2021,1712,N,VIIRS,l,1,311.58,9.33,D,0
133,10.243664,-61.406708,346.79,0.43,0.38,3/2/2021,1712,N,VIIRS,n,1,311.59,12.93,D,0
128,10.215179,-61.406158,345.98,0.43,0.38,3/2/2021,1712,N,VIIRS,n,1,312.26,3.64,D,0
134,10.270864,-61.398468,354.04,0.43,0.38,3/2/2021,1712,N,VIIRS,n,1,312.5,7.8,D,0
144,10.41938,-61.479599,304.51,0.46,0.39,3/3/2021,548,N,VIIRS,n,1,292.44,0.84,N,2
145,10.415778,-61.480213,305.03,0.46,0.39,3/3/2021,548,N,VIIRS,n,1,293.68,0.84,N,2
146,10.274007,-61.387985,330.43,0.53,0.5,3/3/2021,1654,N,VIIRS,n,1,294.8,3.07,D,0
147,10.41592,-61.479092,328.11,0.42,0.45,3/8/2021,1700,N,VIIRS,n,1,297.33,1.44,D,2
154,10.618982,-61.391415,330.03,0.43,0.62,3/9/2021,1642,N,VIIRS,n,1,289.71,3.96,D,0
153,10.619717,-61.387508,342.99,0.42,0.61,3/9/2021,1642,N,VIIRS,n,1,292.2,3.96,D,0
148,10.417766,-61.483444,304.4,0.38,0.36,3/9/2021,536,N,VIIRS,n,1,292.49,0.95,N,2
150,10.413909,-61.480488,305.05,0.38,0.36,3/9/2021,536,N,VIIRS,n,1,293.47,1.46,N,2
149,10.417216,-61.479954,313.54,0.38,0.36,3/9/2021,536,N,VIIRS,n,1,293.7,0.95,N,2
151,10.416144,-61.481312,326.6,0.43,0.62,3/9/2021,1642,N,VIIRS,n,1,294.11,3.3,D,2
152,10.607461,-61.328617,328.25,0.42,0.61,3/9/2021,1642,N,VIIRS,n,1,295.28,2.3,D,0
155,10.570082,-61.349762,302.16,0.59,0.53,3/16/2021,500,N,VIIRS,n,1,288.31,0.76,N,0
156,10.41572,-61.478668,308.16,0.6,0.53,3/16/2021,500,N,VIIRS,n,1,289.5,2.89,N,2
160,10.416701,-61.478382,299.64,0.62,0.71,3/17/2021,624,N,VIIRS,n,1,283.93,0.27,N,2
159,10.414794,-61.47821,300.97,0.62,0.71,3/17/2021,624,N,VIIRS,n,1,284.56,0.99,N,2
162,10.38167,-61.473804,308.13,0.62,0.71,3/17/2021,624,N,VIIRS,n,1,285.76,2.27,N,0
161,10.41015,-61.479736,301.29,0.62,0.71,3/17/2021,624,N,VIIRS,n,1,286.06,0.27,N,2
157,10.419042,-61.482216,305.7,0.63,0.72,3/17/2021,442,N,VIIRS,n,1,287.12,1.63,N,2
158,10.412355,-61.483101,303.42,0.63,0.72,3/17/2021,442,N,VIIRS,n,1,287.3,2.04,N,2
164,10.424644,-61.443645,334.37,0.43,0.38,3/17/2021,1730,N,VIIRS,n,1,293.04,4.15,D,0
163,10.425213,-61.439751,335.8,0.43,0.38,3/17/2021,1730,N,VIIRS,n,1,293.1,5.96,D,0
165,10.415341,-61.481129,307.57,0.6,0.53,3/18/2021,606,N,VIIRS,n,1,290.33,3.16,N,2
166,10.416574,-61.476429,312.85,0.6,0.53,3/18/2021,606,N,VIIRS,n,1,290.43,3.64,N,0
168,10.619374,-61.390442,344.07,0.42,0.38,3/18/2021,1712,N,VIIRS,n,1,303.16,6.65,D,0
167,10.61652,-61.386005,335.19,0.42,0.38,3/18/2021,1712,N,VIIRS,n,1,305.21,4.54,D,0
170,10.135467,-61.44223,303.73,0.47,0.39,3/19/2021,548,N,VIIRS,n,1,291.22,0.68,N,0
169,10.418052,-61.479858,313.84,0.46,0.39,3/19/2021,548,N,VIIRS,n,1,292.94,1.33,N,2
172,10.322371,-61.448727,303.8,0.4,0.37,3/20/2021,530,N,VIIRS,n,1,291.5,0.74,N,0
171,10.418063,-61.479298,318.1,0.4,0.37,3/20/2021,530,N,VIIRS,n,1,292.24,2,N,2
173,10.419574,-61.481468,308.04,0.47,0.48,3/21/2021,506,N,VIIRS,n,1,291.26,2.09,N,2
174,10.32099,-61.449646,304.7,0.47,0.48,3/21/2021,506,N,VIIRS,n,1,291.44,1.05,N,0
176,10.385927,-61.41069,331.89,0.34,0.56,3/21/2021,1754,N,VIIRS,n,1,294.79,2.38,D,0
175,10.386324,-61.407574,331.98,0.34,0.56,3/21/2021,1754,N,VIIRS,n,1,295.09,3.39,D,0
182,10.223263,-61.616665,305.86,0.77,0.78,3/22/2021,630,N,VIIRS,n,1,277.92,2.22,N,0
183,10.222235,-61.621822,314.18,0.77,0.78,3/22/2021,630,N,VIIRS,n,1,278.28,4.25,N,0
181,10.224733,-61.623791,303,0.77,0.77,3/22/2021,630,N,VIIRS,n,1,278.53,3.29,N,3
180,10.415502,-61.479313,307.07,0.78,0.78,3/22/2021,630,N,VIIRS,n,1,283.89,2.17,N,2
177,10.418427,-61.481197,307.26,0.49,0.65,3/22/2021,448,N,VIIRS,n,1,284.76,1.51,N,2
179,10.224264,-61.620041,300.68,0.5,0.66,3/22/2021,448,N,VIIRS,n,1,285.49,2.16,N,0
178,10.224853,-61.624752,327.72,0.5,0.66,3/22/2021,448,N,VIIRS,n,1,286.62,4.25,N,0
184,10.355222,-61.408482,335.59,0.51,0.41,3/22/2021,1736,N,VIIRS,n,1,296.76,3.46,D,0
185,10.476329,-61.451969,346.11,0.5,0.41,3/22/2021,1736,N,VIIRS,n,1,298.82,7.55,D,0
186,10.225945,-61.618885,326.14,0.38,0.58,3/23/2021,612,N,VIIRS,n,1,287.59,2.71,N,0
187,10.390523,-61.413624,332.87,0.39,0.36,3/23/2021,1718,N,VIIRS,l,1,298.7,3.58,D,0
188,10.435011,-61.401249,302.49,0.57,0.43,3/24/2021,554,N,VIIRS,n,1,289.62,0.51,N,0
194,10.223573,-61.617344,309.58,0.55,0.43,3/24/2021,554,N,VIIRS,n,1,290.29,2.18,N,0
191,10.352695,-61.459599,303.02,0.56,0.43,3/24/2021,554,N,VIIRS,n,1,290.52,0.71,N,0
193,10.224414,-61.622368,318.24,0.55,0.43,3/24/2021,554,N,VIIRS,n,1,291.74,2.18,N,0
192,10.22396,-61.620628,325.74,0.55,0.43,3/24/2021,554,N,VIIRS,n,1,291.88,4.04,N,0
189,10.415933,-61.478218,312.42,0.56,0.43,3/24/2021,554,N,VIIRS,n,1,291.96,2.14,N,2
190,10.416948,-61.479729,313.38,0.56,0.43,3/24/2021,554,N,VIIRS,n,1,291.97,2.76,N,2
195,10.419248,-61.481537,308.89,0.56,0.43,3/26/2021,518,N,VIIRS,n,1,290.71,1.3,N,2
196,10.223821,-61.620049,324.36,0.57,0.43,3/26/2021,518,N,VIIRS,n,1,291.21,4.48,N,0
197,10.417765,-61.480186,320.01,0.46,0.39,3/31/2021,524,N,VIIRS,n,1,292.33,2,N,2
198,10.399055,-61.478695,323.82,0.46,0.39,3/31/2021,524,N,VIIRS,n,1,292.83,3.94,N,0
199,10.411883,-61.482208,298.85,0.63,0.72,4/2/2021,442,N,VIIRS,n,1,280.01,1.18,N,2
200,10.653031,-61.337673,343.24,0.43,0.38,4/2/2021,1730,N,VIIRS,n,1,297.66,4.86,D,0
201,10.408294,-61.479843,305.33,0.59,0.53,4/3/2021,606,N,VIIRS,n,1,291.45,1.71,N,2
202,10.407588,-61.479816,304.63,0.46,0.39,4/4/2021,548,N,VIIRS,n,1,291.49,1.19,N,2
203,10.409839,-61.479481,303.79,0.4,0.37,4/5/2021,530,N,VIIRS,n,1,284.11,0.47,N,2
204,10.292684,-61.427975,347.56,0.7,0.75,4/5/2021,1812,N,VIIRS,n,1,288.66,6.66,D,0
205,10.291574,-61.426235,347.85,0.7,0.75,4/5/2021,1812,N,VIIRS,n,1,289.14,12.13,D,0
206,10.614902,-61.367535,330.48,0.34,0.56,4/6/2021,1754,N,VIIRS,n,1,288.42,2.28,D,0
207,10.321289,-61.453426,302.52,0.49,0.65,4/7/2021,448,N,VIIRS,n,1,288.08,0.39,N,0
209,10.372688,-61.414841,302.47,0.38,0.59,4/8/2021,612,N,VIIRS,n,1,288.5,0.39,N,0
208,10.412169,-61.475391,322.08,0.38,0.59,4/8/2021,612,N,VIIRS,n,1,290.06,3.36,N,0
210,10.409459,-61.480915,305.38,0.57,0.43,4/11/2021,512,N,VIIRS,n,1,287.43,1.61,N,2
211,10.411278,-61.481503,305.24,0.39,0.59,4/12/2021,454,N,VIIRS,n,1,288.62,1.12,N,2
212,10.410158,-61.478596,303.87,0.48,0.65,4/13/2021,618,N,VIIRS,n,1,288.55,0.8,N,2
213,10.103684,-61.424786,334.21,0.39,0.36,4/13/2021,1724,N,VIIRS,n,1,297.08,2.39,D,0
214,10.605374,-61.388157,344.34,0.39,0.36,4/13/2021,1724,N,VIIRS,n,1,298.41,16.3,D,0
215,10.403468,-61.460938,306.55,0.4,0.37,4/15/2021,542,N,VIIRS,n,1,282.93,0.61,N,0
217,10.310825,-61.218998,342.03,0.33,0.55,4/15/2021,1648,N,VIIRS,n,1,290.76,4.52,D,0
216,10.148266,-61.375706,331.51,0.34,0.56,4/15/2021,1648,N,VIIRS,n,1,291.37,4.29,D,0
218,10.419377,-61.485821,301.64,0.47,0.39,4/16/2021,524,N,VIIRS,n,1,285.24,0.44,N,2
219,10.229773,-61.488819,332.59,0.54,0.68,4/16/2021,1806,N,VIIRS,n,1,294.24,3.17,D,0
220,10.434626,-61.436581,334.68,0.55,0.68,4/16/2021,1806,N,VIIRS,n,1,295.3,2.94,D,0
221,10.436948,-61.090477,330.13,0.55,0.51,4/17/2021,1748,N,VIIRS,n,1,293.05,6.48,D,0
222,10.542456,-61.40567,346.64,0.53,0.5,4/17/2021,1748,N,VIIRS,n,1,300.01,10.23,D,0
224,11.175205,-60.783569,336.29,0.46,0.39,4/18/2021,1730,N,VIIRS,n,1,302.12,2.61,D,0
223,10.607602,-61.405388,339,0.43,0.38,4/18/2021,1730,N,VIIRS,n,1,302.74,4.71,D,0
225,10.408327,-61.47966,304.37,0.59,0.53,4/19/2021,606,N,VIIRS,n,1,291.93,1.8,N,2
226,11.190535,-60.755325,356.03,0.4,0.37,4/19/2021,1712,N,VIIRS,n,1,306.08,12.14,D,0
227,10.198282,-61.643715,306.31,0.45,0.39,4/20/2021,548,N,VIIRS,n,1,291.5,1.05,N,3
229,10.376204,-61.415245,304.6,0.4,0.37,4/21/2021,530,N,VIIRS,n,1,292.2,0.4,N,0
228,10.410386,-61.47847,305.42,0.41,0.37,4/21/2021,530,N,VIIRS,n,1,294.04,0.99,N,2
230,10.408735,-61.479324,307.36,0.48,0.48,4/22/2021,506,N,VIIRS,n,1,293.14,1.89,N,2
231,10.277655,-61.424965,332.27,0.33,0.56,4/22/2021,1754,N,VIIRS,n,1,294.48,2.88,D,0
234,10.414686,-61.474537,302.3,0.78,0.78,4/23/2021,630,N,VIIRS,n,1,287.39,1.9,N,0
233,10.417665,-61.475445,305.06,0.78,0.78,4/23/2021,630,N,VIIRS,n,1,288.16,3.36,N,2
232,10.417773,-61.479469,323.85,0.5,0.66,4/23/2021,448,N,VIIRS,n,1,290.38,3.21,N,2
240,10.349038,-61.330811,330.37,0.51,0.41,4/23/2021,1736,N,VIIRS,n,1,296.86,3.6,D,0
244,11.259143,-60.713188,337,0.56,0.43,4/23/2021,1736,N,VIIRS,n,1,297.36,7.73,D,0
235,10.070206,-61.648762,332.62,0.48,0.4,4/23/2021,1736,N,VIIRS,n,1,299.07,3.59,D,3
238,10.222754,-61.408085,333.85,0.5,0.41,4/23/2021,1736,N,VIIRS,n,1,299.53,6.08,D,0
241,10.50382,-61.431137,340.12,0.5,0.41,4/23/2021,1736,N,VIIRS,n,1,299.71,7.3,D,0
237,10.223394,-61.403511,349.29,0.5,0.41,4/23/2021,1736,N,VIIRS,n,1,299.99,6.08,D,0
242,10.503928,-61.433632,342.18,0.5,0.41,4/23/2021,1736,N,VIIRS,n,1,300.06,5.7,D,0
236,10.226693,-61.352509,331.12,0.5,0.41,4/23/2021,1736,N,VIIRS,n,1,300.11,2.69,D,0
239,10.294806,-61.41687,342.29,0.5,0.41,4/23/2021,1736,N,VIIRS,n,1,300.54,8.27,D,0
243,10.607763,-61.40588,334.11,0.51,0.41,4/23/2021,1736,N,VIIRS,n,1,302.66,4.19,D,0
245,10.603659,-61.324459,328.43,0.41,0.45,4/25/2021,1700,N,VIIRS,l,1,299.4,2.61,D,0
246,10.233149,-61.318691,331.47,0.42,0.45,4/28/2021,1742,N,VIIRS,n,1,296.58,3.65,D,0
247,10.124276,-61.438988,307.55,0.46,0.39,5/6/2021,548,N,VIIRS,n,1,284.75,0.9,N,0
249,10.408937,-61.480335,299.83,0.56,0.43,5/11/2021,554,N,VIIRS,n,1,282.81,0.58,N,2
250,10.396307,-61.477364,301.24,0.56,0.43,5/11/2021,554,N,VIIRS,n,1,284.44,0.94,N,2
248,10.416782,-61.478951,302.55,0.56,0.43,5/11/2021,554,N,VIIRS,n,1,285.27,0.95,N,2
251,10.374859,-61.474606,337.17,0.43,0.46,5/11/2021,1700,N,VIIRS,n,1,298.27,2.2,D,3
255,10.372886,-61.476921,325.73,0.44,0.62,5/12/2021,1642,N,VIIRS,n,1,291.84,3.22,D,0
254,10.374304,-61.473949,311.86,0.38,0.36,5/12/2021,536,N,VIIRS,n,1,294.23,0.76,N,0
253,10.409039,-61.479115,307.64,0.38,0.36,5/12/2021,536,N,VIIRS,n,1,294.85,0.94,N,2
252,10.415657,-61.478046,307.13,0.38,0.36,5/12/2021,536,N,VIIRS,n,1,295.19,0.65,N,2
256,10.603401,-61.428078,329.97,0.43,0.62,5/13/2021,1800,N,VIIRS,n,1,288.37,3.06,D,0
257,10.609167,-61.428741,331.4,0.43,0.62,5/13/2021,1800,N,VIIRS,n,1,288.67,3.06,D,0
258,10.603667,-61.429279,339.02,0.43,0.62,5/13/2021,1800,N,VIIRS,n,1,288.69,6.18,D,0
261,10.37322,-61.473595,305.88,0.48,0.65,5/15/2021,618,N,VIIRS,n,1,288.75,1.18,N,0
259,10.419308,-61.476696,301.93,0.48,0.65,5/15/2021,618,N,VIIRS,n,1,289.03,0.56,N,2
260,10.417383,-61.478504,308.89,0.48,0.65,5/15/2021,618,N,VIIRS,n,1,289.12,1.56,N,2
264,10.527375,-61.441704,330.14,0.39,0.36,5/15/2021,1724,N,VIIRS,n,1,302.05,2.58,D,0
262,10.144141,-61.384933,338.03,0.39,0.36,5/15/2021,1724,N,VIIRS,n,1,302.5,4.86,D,0
266,10.590972,-61.335262,335,0.39,0.36,5/15/2021,1724,N,VIIRS,n,1,303.11,2.68,D,0
265,10.577404,-61.380409,336.43,0.39,0.36,5/15/2021,1724,N,VIIRS,n,1,304.04,3.21,D,0
263,10.416868,-61.479218,333.95,0.39,0.36,5/15/2021,1724,N,VIIRS,l,1,304.8,1.5,D,2
268,10.417274,-61.478561,309.07,0.47,0.47,5/16/2021,600,N,VIIRS,n,1,294.38,1.19,N,2
267,10.417669,-61.479633,309.37,0.47,0.47,5/16/2021,600,N,VIIRS,n,1,294.48,1.1,N,2
269,10.657114,-61.139046,331.14,0.49,0.4,5/16/2021,1706,N,VIIRS,n,1,298.1,3.35,D,0
270,10.408525,-61.481483,307.18,0.4,0.37,5/17/2021,542,N,VIIRS,n,1,293.11,1.48,N,2
271,10.352509,-61.460079,307.29,0.4,0.37,5/17/2021,542,N,VIIRS,n,1,293.49,0.64,N,2
272,10.170645,-61.372097,331.57,0.53,0.5,5/19/2021,1748,N,VIIRS,n,1,293.51,5.52,D,0
273,10.375006,-61.478451,302.44,0.63,0.72,5/20/2021,442,N,VIIRS,n,1,289.55,1.28,N,0
276,10.65416,-61.2421,336.37,0.44,0.38,5/20/2021,1730,N,VIIRS,n,1,294.33,3.88,D,0
274,10.192039,-61.355904,332.54,0.43,0.38,5/20/2021,1730,N,VIIRS,n,1,297.62,1.77,D,0
275,10.488321,-61.446621,343.44,0.43,0.38,5/20/2021,1730,N,VIIRS,n,1,299.26,5.79,D,0
278,10.136289,-61.079876,336.09,0.51,0.49,5/22/2021,1654,N,VIIRS,n,1,292.35,9.19,D,0
277,10.137099,-61.075321,341.44,0.51,0.49,5/22/2021,1654,N,VIIRS,n,1,293.83,9.19,D,0
279,10.13774,-61.079136,301.57,0.39,0.37,5/23/2021,530,N,VIIRS,n,1,289.9,0.47,N,0
280,11.221188,-60.764362,305.23,0.44,0.46,5/24/2021,506,N,VIIRS,n,1,291.73,0.86,N,0
281,10.370267,-61.443356,342.03,0.34,0.56,5/24/2021,1754,N,VIIRS,n,1,292.23,4.3,D,0
282,10.479803,-61.319008,331.73,0.51,0.41,5/25/2021,1736,N,VIIRS,n,1,297.14,1.52,D,0
283,10.48085,-61.451832,332.7,0.5,0.41,5/25/2021,1736,N,VIIRS,n,1,299.19,3.99,D,0
284,10.430163,-61.09087,336.85,0.41,0.61,5/28/2021,1642,N,VIIRS,n,1,291.27,4.08,D,0
286,10.373489,-61.413906,313.33,0.56,0.43,5/29/2021,518,N,VIIRS,n,1,292.11,1.06,N,0
285,10.409589,-61.480976,305.61,0.56,0.43,5/29/2021,518,N,VIIRS,n,1,293.49,2.28,N,2
287,10.375764,-61.414848,298.18,0.4,0.37,6/2/2021,542,N,VIIRS,n,1,282.71,0.3,N,0
288,10.234255,-61.436527,327.48,0.34,0.56,6/2/2021,1648,N,VIIRS,n,1,296.07,1.73,D,0
289,10.415928,-61.481094,305.21,0.56,0.43,6/12/2021,554,N,VIIRS,n,1,291.4,1.38,N,2
290,10.418571,-61.478527,305.12,0.38,0.36,6/13/2021,536,N,VIIRS,n,1,294.31,1.16,N,2
291,10.417167,-61.482487,305.91,0.38,0.59,6/15/2021,454,N,VIIRS,n,1,289.29,0.89,N,2
292,10.419531,-61.479183,307.71,0.46,0.39,6/19/2021,524,N,VIIRS,n,1,289.48,0.79,N,2
293,10.415919,-61.479729,310.04,0.46,0.39,6/19/2021,524,N,VIIRS,n,1,290.12,1.85,N,2
294,10.418556,-61.481838,299,0.62,0.72,6/21/2021,442,N,VIIRS,n,1,282.21,1.04,N,2
295,10.649727,-61.237953,330.81,0.44,0.38,6/21/2021,1730,N,VIIRS,n,1,299.63,2.94,D,0
296,10.417599,-61.476845,308.36,0.6,0.53,6/22/2021,606,N,VIIRS,n,1,290.05,0.98,N,2
297,10.41813,-61.47942,321.24,0.4,0.37,6/24/2021,530,N,VIIRS,n,1,290.74,2.21,N,2
298,10.163485,-61.506783,327.49,0.34,0.56,6/25/2021,1754,N,VIIRS,n,1,293.95,1.07,D,0
299,10.416384,-61.482952,320.76,0.49,0.65,6/26/2021,448,N,VIIRS,n,1,288.91,2.72,N,2
300,10.418868,-61.479477,300.67,0.38,0.59,6/27/2021,612,N,VIIRS,n,1,279.43,1.87,N,2
301,10.402766,-61.46154,303.92,0.57,0.43,6/28/2021,554,N,VIIRS,n,1,289.15,0.97,N,2
302,10.225097,-61.618271,317.24,0.56,0.43,6/28/2021,554,N,VIIRS,n,1,291.17,2.01,N,0
310,10.217517,-61.623238,306.42,0.38,0.36,6/29/2021,536,N,VIIRS,n,1,293.64,0.61,N,0
306,10.405138,-61.460693,306.65,0.38,0.36,6/29/2021,536,N,VIIRS,n,1,293.65,1,N,2
308,10.223585,-61.618683,306.2,0.38,0.36,6/29/2021,536,N,VIIRS,n,1,293.98,1.11,N,0
309,10.218065,-61.626736,315.42,0.38,0.36,6/29/2021,536,N,VIIRS,n,1,294.34,1.44,N,3
304,10.417816,-61.476574,306.03,0.38,0.36,6/29/2021,536,N,VIIRS,n,1,294.49,0.44,N,2
303,10.418365,-61.480064,312.94,0.38,0.36,6/29/2021,536,N,VIIRS,n,1,294.61,1.08,N,2
307,10.224134,-61.622177,320.38,0.38,0.36,6/29/2021,536,N,VIIRS,n,1,294.8,1.11,N,0
305,10.408442,-61.481667,311.74,0.38,0.36,6/29/2021,536,N,VIIRS,n,1,295.32,1.19,N,2
311,10.418272,-61.481785,314.42,0.38,0.59,7/1/2021,454,N,VIIRS,n,1,275.27,1.35,N,2
312,10.416838,-61.481449,317.16,0.38,0.59,7/1/2021,454,N,VIIRS,n,1,275.3,1.34,N,2
314,10.403801,-61.459435,305.9,0.41,0.37,7/4/2021,542,N,VIIRS,n,1,292.67,0.26,N,0
315,10.217539,-61.624889,309.04,0.4,0.37,7/4/2021,542,N,VIIRS,n,1,293.91,1.01,N,0
313,10.417568,-61.479824,320.08,0.4,0.37,7/4/2021,542,N,VIIRS,n,1,294.64,2.37,N,2
316,10.414883,-61.481728,329.46,0.34,0.56,7/4/2021,1648,N,VIIRS,n,1,296.2,2.86,D,0
319,10.402779,-61.460426,303.96,0.46,0.39,7/5/2021,524,N,VIIRS,n,1,292.57,0.52,N,2
318,10.409472,-61.480846,309.72,0.46,0.39,7/5/2021,524,N,VIIRS,n,1,294.51,1.67,N,2
317,10.416678,-61.479755,323.56,0.46,0.39,7/5/2021,524,N,VIIRS,n,1,295.49,2.56,N,2
320,10.419633,-61.484627,297.44,0.62,0.72,7/7/2021,442,N,VIIRS,n,1,265.9,1.97,N,2
321,10.416156,-61.483902,302.99,0.62,0.72,7/7/2021,624,N,VIIRS,n,1,286.94,1.75,N,2
322,10.415,-61.478165,310.94,0.62,0.72,7/7/2021,624,N,VIIRS,n,1,287.08,1.54,N,2
323,10.418938,-61.478149,309.47,0.6,0.53,7/8/2021,606,N,VIIRS,n,1,289.86,1.25,N,2
324,10.416959,-61.479671,316.78,0.6,0.53,7/8/2021,606,N,VIIRS,n,1,290.23,2.19,N,2
327,10.402919,-61.4627,305.11,0.4,0.37,7/10/2021,530,N,VIIRS,n,1,292.1,0.58,N,2
328,10.218153,-61.62558,312.64,0.4,0.37,7/10/2021,530,N,VIIRS,n,1,292.47,0.94,N,0
325,10.419227,-61.478889,304.25,0.4,0.37,7/10/2021,530,N,VIIRS,n,1,292.67,0.4,N,2
326,10.415845,-61.47942,310.24,0.4,0.37,7/10/2021,530,N,VIIRS,n,1,293.64,1.45,N,2
329,10.41852,-61.482182,304.62,0.49,0.65,7/12/2021,448,N,VIIRS,n,1,286.94,0.88,N,2
330,10.414665,-61.478935,309.67,0.39,0.59,7/13/2021,612,N,VIIRS,n,1,286.27,1.04,N,2
332,10.414604,-61.478527,317.29,0.57,0.43,7/14/2021,554,N,VIIRS,n,1,292.69,4.75,N,2
331,10.418561,-61.477829,341.1,0.57,0.43,7/14/2021,554,N,VIIRS,n,1,294.22,9.18,N,2
333,10.418214,-61.478642,343.69,0.42,0.45,7/14/2021,1700,N,VIIRS,n,1,300.67,15.77,D,2
336,10.418343,-61.477493,314.21,0.38,0.36,7/15/2021,536,N,VIIRS,n,1,264.92,1.01,N,2
335,10.418894,-61.480991,310.62,0.38,0.36,7/15/2021,536,N,VIIRS,n,1,265.31,1.01,N,2
338,10.415035,-61.478035,303.19,0.38,0.36,7/15/2021,536,N,VIIRS,n,1,265.55,1.01,N,2
337,10.415586,-61.481525,299.82,0.38,0.36,7/15/2021,536,N,VIIRS,n,1,266.12,1.01,N,2
334,10.696826,-61.482452,300.36,0.38,0.36,7/15/2021,536,N,VIIRS,n,1,280.6,0.35,N,0
339,10.418416,-61.481258,325.44,0.56,0.43,7/16/2021,518,N,VIIRS,n,1,281.7,4.11,N,2
340,10.215784,-61.624725,305.46,0.56,0.43,7/16/2021,518,N,VIIRS,n,1,291.28,1.31,N,0
342,10.417277,-61.479282,305.02,0.38,0.59,7/17/2021,454,N,VIIRS,n,1,293.62,1.82,N,2
341,10.417718,-61.482841,332.27,0.38,0.59,7/17/2021,454,N,VIIRS,n,1,293.83,1.82,N,2
343,10.416685,-61.481819,338.59,0.38,0.59,7/17/2021,454,N,VIIRS,n,1,294.42,4.26,N,2
344,10.41966,-61.485855,307.78,0.79,0.78,7/18/2021,436,N,VIIRS,n,1,286.88,2.16,N,2
345,10.418471,-61.483738,310.97,0.79,0.78,7/18/2021,436,N,VIIRS,n,1,287.08,2.13,N,2
347,10.415658,-61.478928,317.68,0.49,0.65,7/18/2021,618,N,VIIRS,n,1,287.5,1.84,N,2
346,10.416654,-61.479488,313.13,0.49,0.65,7/18/2021,618,N,VIIRS,n,1,288.58,2.24,N,2
348,10.419059,-61.47707,302.32,0.48,0.48,7/19/2021,600,N,VIIRS,n,1,285.56,0.56,N,2
349,10.415854,-61.479851,315.04,0.48,0.48,7/19/2021,600,N,VIIRS,n,1,286.44,3,N,2
351,10.21794,-61.625416,300.9,0.4,0.37,7/20/2021,542,N,VIIRS,n,1,273.26,0.69,N,3
352,10.415276,-61.481224,328.79,0.34,0.56,7/20/2021,1648,N,VIIRS,n,1,290.22,2.67,D,0
350,10.418222,-61.479523,319.36,0.41,0.37,7/20/2021,542,N,VIIRS,n,1,291.88,3.1,N,2
353,10.508112,-61.422478,325.43,0.33,0.55,7/20/2021,1648,N,VIIRS,n,1,293.68,1.74,D,0
355,10.375245,-61.412369,305.57,0.45,0.39,7/21/2021,524,N,VIIRS,n,1,292.83,0.51,N,0
354,10.418086,-61.478401,321.94,0.46,0.39,7/21/2021,524,N,VIIRS,n,1,294.88,2.97,N,2
356,10.416727,-61.481873,299.87,0.4,0.37,7/26/2021,530,N,VIIRS,n,1,272.37,0.77,N,2
357,10.416164,-61.47821,309.16,0.4,0.37,7/26/2021,530,N,VIIRS,n,1,273.45,0.77,N,2
358,10.417664,-61.480507,305.88,0.46,0.47,7/27/2021,512,N,VIIRS,n,1,271.77,1.04,N,2
359,10.417134,-61.477654,367,0.34,0.56,7/27/2021,1754,N,VIIRS,h,1,290.63,9.16,D,2
361,10.419335,-61.485867,315.18,0.49,0.65,7/28/2021,448,N,VIIRS,n,1,285.7,3.44,N,2
360,10.418792,-61.4813,330.47,0.48,0.65,7/28/2021,448,N,VIIRS,n,1,286.11,3.44,N,2
362,10.417618,-61.482571,343.48,0.48,0.65,7/28/2021,448,N,VIIRS,n,1,286.39,6.24,N,2
364,10.409267,-61.480194,305.91,0.57,0.43,7/30/2021,554,N,VIIRS,n,1,293.98,1.51,N,2
363,10.417192,-61.478794,310.08,0.57,0.43,7/30/2021,554,N,VIIRS,n,1,294.1,0.96,N,2
365,10.419662,-61.48518,312.47,0.38,0.36,7/31/2021,536,N,VIIRS,n,1,291.45,1.13,N,2
366,10.40864,-61.479797,307.48,0.38,0.36,7/31/2021,536,N,VIIRS,n,1,291.96,1.14,N,2
367,10.351623,-61.460064,305.18,0.38,0.36,7/31/2021,536,N,VIIRS,n,1,292.03,0.62,N,2
368,10.1225,-61.438965,331.37,0.42,0.45,8/2/2021,1742,N,VIIRS,n,1,295.25,1.69,D,0
369,10.31827,-61.002094,329.76,0.62,0.54,8/5/2021,1648,N,VIIRS,n,1,290.56,5.38,D,0
370,10.319533,-60.998699,327.05,0.62,0.54,8/5/2021,1648,N,VIIRS,n,1,291.21,8.17,D,0
372,10.417143,-61.484768,308.99,0.59,0.53,8/7/2021,506,N,VIIRS,n,1,290.28,5.31,N,2
371,10.416406,-61.479305,339.15,0.59,0.53,8/7/2021,506,N,VIIRS,n,1,290.94,5.27,N,2
374,10.404687,-61.460583,307.09,0.4,0.37,8/11/2021,530,N,VIIRS,n,1,291.79,0.71,N,2
373,10.418132,-61.480896,312.03,0.4,0.37,8/11/2021,530,N,VIIRS,n,1,292.73,1.4,N,2
375,10.416842,-61.477985,308.23,0.39,0.59,8/14/2021,612,N,VIIRS,n,1,286.67,1.78,N,2
377,10.405421,-61.461777,307.22,0.38,0.36,8/16/2021,536,N,VIIRS,n,1,291.55,0.8,N,0
376,10.4181,-61.477657,309.03,0.38,0.36,8/16/2021,536,N,VIIRS,n,1,293.01,0.77,N,2
378,10.415432,-61.478355,306.93,0.5,0.66,8/19/2021,618,N,VIIRS,n,1,289.56,0.89,N,2
380,10.414993,-61.480541,316.97,0.48,0.48,8/20/2021,600,N,VIIRS,n,1,291.77,2.43,N,0
379,10.419396,-61.479736,333.88,0.48,0.48,8/20/2021,600,N,VIIRS,n,1,292.35,2.43,N,2
382,10.40398,-61.4622,307.95,0.41,0.37,8/21/2021,542,N,VIIRS,n,1,292.42,0.53,N,2
381,10.417192,-61.47897,323.81,0.41,0.37,8/21/2021,542,N,VIIRS,n,1,294.44,1.85,N,2
384,10.403663,-61.462399,305.94,0.45,0.39,8/22/2021,524,N,VIIRS,n,1,291.91,0.5,N,2
383,10.417505,-61.481571,323.29,0.46,0.39,8/22/2021,524,N,VIIRS,n,1,292.69,3.1,N,2
385,10.41629,-61.479393,336.88,0.42,0.38,8/25/2021,1712,N,VIIRS,n,1,302.4,4.75,D,2
388,10.163687,-61.459915,315.44,0.47,0.4,8/26/2021,548,N,VIIRS,n,1,292.89,1.35,N,0
387,10.416768,-61.477173,324.47,0.47,0.4,8/26/2021,548,N,VIIRS,n,1,295.09,1.98,N,2
386,10.417396,-61.478043,322.23,0.47,0.4,8/26/2021,548,N,VIIRS,n,1,295.48,2.56,N,2
389,10.415994,-61.480923,330.77,0.52,0.5,8/26/2021,1654,N,VIIRS,n,1,298.82,4.22,D,2
391,10.415313,-61.480946,326.39,0.54,0.68,8/27/2021,1636,N,VIIRS,n,1,291,5.59,D,0
390,10.417417,-61.478916,331.79,0.4,0.37,8/27/2021,530,N,VIIRS,n,1,296.21,2.75,N,2
392,10.418067,-61.479774,307.51,0.39,0.59,8/30/2021,612,N,VIIRS,n,1,288.95,1.24,N,2
394,10.351917,-61.460712,308.15,0.38,0.36,9/1/2021,536,N,VIIRS,n,1,292.25,1.18,N,3
393,10.415881,-61.479053,323.93,0.38,0.36,9/1/2021,536,N,VIIRS,n,1,293.04,2.5,N,2
395,10.416906,-61.479237,317.08,0.55,0.43,9/2/2021,518,N,VIIRS,n,1,292.45,3.23,N,2
396,10.416693,-61.477619,302.97,0.48,0.48,9/5/2021,600,N,VIIRS,n,1,286.23,0.88,N,2
397,10.41785,-61.479721,301.54,0.48,0.48,9/5/2021,600,N,VIIRS,n,1,286.6,1.6,N,2
401,10.404682,-61.460861,306.88,0.41,0.37,9/6/2021,542,N,VIIRS,n,1,290.47,0.62,N,2
399,10.419076,-61.485054,306.73,0.41,0.37,9/6/2021,542,N,VIIRS,n,1,291.13,1.71,N,2
400,10.407687,-61.479359,304.62,0.41,0.37,9/6/2021,542,N,VIIRS,n,1,291.25,0.79,N,2
402,10.386099,-61.475357,313.35,0.41,0.37,9/6/2021,542,N,VIIRS,n,1,291.5,0.92,N,0
398,10.417877,-61.477657,321.28,0.41,0.37,9/6/2021,542,N,VIIRS,n,1,292.63,1.34,N,2
405,10.404108,-61.461697,303.94,0.45,0.39,9/7/2021,524,N,VIIRS,n,1,290.59,0.65,N,2
403,10.4185,-61.485008,309.38,0.46,0.39,9/7/2021,524,N,VIIRS,n,1,290.9,1.13,N,2
404,10.417893,-61.480843,316.52,0.46,0.39,9/7/2021,524,N,VIIRS,n,1,291.51,2.07,N,2
406,10.419406,-61.482967,310.27,0.59,0.53,9/8/2021,506,N,VIIRS,n,1,288.36,3.64,N,0
407,10.417498,-61.479176,310.99,0.61,0.53,9/10/2021,606,N,VIIRS,n,1,292.5,2.25,N,2
408,10.420309,-61.486416,310.18,0.47,0.4,9/11/2021,548,N,VIIRS,n,1,293.2,1.81,N,3
409,10.418893,-61.477898,311.64,0.47,0.4,9/11/2021,548,N,VIIRS,n,1,293.56,1.24,N,2
410,10.415265,-61.478512,307.55,0.47,0.4,9/11/2021,548,N,VIIRS,n,1,293.95,1.24,N,2
411,10.415257,-61.4814,328.8,0.52,0.5,9/11/2021,1654,N,VIIRS,n,1,298.15,3.57,D,2
415,10.405264,-61.461327,307.24,0.4,0.37,9/12/2021,530,N,VIIRS,n,1,291.92,0.77,N,2
413,10.418756,-61.481613,310.19,0.4,0.37,9/12/2021,530,N,VIIRS,n,1,292.69,0.93,N,2
412,10.419318,-61.485252,313,0.4,0.37,9/12/2021,530,N,VIIRS,n,1,292.79,0.93,N,2
414,10.418194,-61.477966,310.75,0.4,0.37,9/12/2021,530,N,VIIRS,n,1,293.15,0.92,N,2
416,10.416254,-61.479774,322.02,0.46,0.47,9/13/2021,512,N,VIIRS,n,1,290.68,3.32,N,2
417,10.41648,-61.483089,322.4,0.48,0.65,9/14/2021,454,N,VIIRS,n,1,291.41,2.23,N,2
418,10.652018,-61.238327,332.16,0.53,0.42,9/14/2021,1736,N,VIIRS,n,1,299.98,4.24,D,0
419,10.41958,-61.479168,315.86,0.39,0.59,9/15/2021,612,N,VIIRS,n,1,288.85,1.49,N,2
421,10.353349,-61.46154,306.68,0.39,0.6,9/15/2021,612,N,VIIRS,n,1,288.89,1.68,N,3
420,10.414135,-61.480221,304.26,0.39,0.59,9/15/2021,612,N,VIIRS,n,1,289,1.5,N,2
426,10.404072,-61.460567,304.62,0.38,0.43,9/16/2021,554,N,VIIRS,n,1,293.09,0.4,N,2
424,10.419394,-61.478401,310.08,0.57,0.43,9/16/2021,554,N,VIIRS,n,1,293.83,1.38,N,2
422,10.417663,-61.48177,308.78,0.57,0.43,9/16/2021,554,N,VIIRS,n,1,294.06,1.59,N,2
425,10.415419,-61.479107,307.83,0.57,0.43,9/16/2021,554,N,VIIRS,n,1,294.22,2.11,N,2
423,10.416744,-61.476585,307.46,0.57,0.43,9/16/2021,554,N,VIIRS,n,1,294.35,1.59,N,2
427,10.415276,-61.477932,329.4,0.41,0.45,9/16/2021,1700,N,VIIRS,n,1,298.74,1.76,D,2
430,10.404983,-61.461178,308,0.38,0.36,9/17/2021,536,N,VIIRS,n,1,292.12,0.72,N,2
431,10.223916,-61.622643,305.8,0.38,0.36,9/17/2021,536,N,VIIRS,n,1,292.58,0.67,N,0
429,10.418772,-61.484043,316.19,0.38,0.36,9/17/2021,536,N,VIIRS,n,1,292.99,1.19,N,2
428,10.41822,-61.480549,324.66,0.38,0.36,9/17/2021,536,N,VIIRS,n,1,293.8,2.16,N,2
432,10.419847,-61.485413,305.64,0.55,0.43,9/18/2021,518,N,VIIRS,n,1,293.31,1.48,N,2
434,10.352895,-61.460823,305.82,0.55,0.43,9/18/2021,518,N,VIIRS,n,1,293.73,1.72,N,3
433,10.41912,-61.480358,316.53,0.55,0.43,9/18/2021,518,N,VIIRS,n,1,293.79,1.96,N,0
438,10.353041,-61.462433,303.83,0.37,0.58,9/19/2021,500,N,VIIRS,n,1,291.01,1.13,N,3
437,10.410772,-61.483006,305,0.38,0.58,9/19/2021,500,N,VIIRS,n,1,291.13,1.27,N,2
436,10.416189,-61.482262,322.8,0.38,0.58,9/19/2021,500,N,VIIRS,n,1,291.32,2.44,N,2
435,10.417791,-61.482544,322.79,0.38,0.58,9/19/2021,500,N,VIIRS,n,1,291.69,2.98,N,2
439,10.372561,-61.475582,341.76,0.42,0.46,9/19/2021,1742,N,VIIRS,n,1,298.81,2.2,D,3
441,10.416135,-61.478115,316.7,0.5,0.66,9/20/2021,618,N,VIIRS,n,1,286.97,1.95,N,2
440,10.418037,-61.482227,303.72,0.78,0.78,9/20/2021,436,N,VIIRS,n,1,288.09,1.41,N,2
442,10.649325,-61.239887,336.17,0.39,0.37,9/20/2021,1724,N,VIIRS,n,1,297.99,3.88,D,0
443,10.418312,-61.480568,317.66,0.48,0.48,9/21/2021,600,N,VIIRS,n,1,288.72,2.36,N,2
444,10.418294,-61.479736,332.11,0.5,0.41,9/21/2021,1706,N,VIIRS,l,1,296.69,6.8,D,2
449,10.503074,-61.420372,330.24,0.33,0.55,9/22/2021,1648,N,VIIRS,n,1,292.38,1.93,D,0
447,10.403418,-61.462605,307.18,0.41,0.37,9/22/2021,542,N,VIIRS,n,1,292.76,0.85,N,2
448,10.489637,-61.436649,341.81,0.33,0.55,9/22/2021,1648,N,VIIRS,n,1,292.92,4.68,D,0
446,10.409859,-61.480534,307.32,0.41,0.37,9/22/2021,542,N,VIIRS,n,1,294.24,1.44,N,2
445,10.416654,-61.479401,330.36,0.41,0.37,9/22/2021,542,N,VIIRS,n,1,295.74,3.26,N,2
453,10.418892,-61.479298,325.25,0.69,0.74,9/23/2021,1630,N,VIIRS,n,1,290.74,8.96,D,2
454,10.418956,-61.480888,331.37,0.69,0.74,9/23/2021,1630,N,VIIRS,n,1,290.97,8.77,D,0
452,10.387781,-61.461258,316.12,0.45,0.39,9/23/2021,524,N,VIIRS,n,1,293.34,1.85,N,0
451,10.408783,-61.479313,314.07,0.45,0.39,9/23/2021,524,N,VIIRS,n,1,294.5,1.05,N,2
450,10.41596,-61.478218,318.24,0.45,0.39,9/23/2021,524,N,VIIRS,n,1,294.89,1.94,N,2
456,10.385984,-61.350445,303.59,0.58,0.52,9/24/2021,506,N,VIIRS,n,1,291.71,1.01,N,0
455,10.418043,-61.479004,322.51,0.59,0.53,9/24/2021,506,N,VIIRS,n,1,293.33,2.96,N,2
457,10.437441,-61.086365,335.68,0.45,0.39,9/25/2021,1730,N,VIIRS,n,1,297.11,3.77,D,0
459,10.416756,-61.476608,314.62,0.61,0.54,9/26/2021,606,N,VIIRS,n,1,291.96,3.02,N,2
458,10.419398,-61.479359,317.1,0.61,0.53,9/26/2021,606,N,VIIRS,n,1,292.02,2.08,N,2
462,10.404178,-61.459591,304.08,0.47,0.4,9/27/2021,548,N,VIIRS,n,1,290.36,0.63,N,2
461,10.415019,-61.47966,333.01,0.47,0.4,9/27/2021,548,N,VIIRS,n,1,291.55,5.56,N,2
460,10.418647,-61.479031,336.05,0.47,0.4,9/27/2021,548,N,VIIRS,n,1,292.8,12.45,N,2
468,10.415806,-61.48074,331.94,0.54,0.68,9/28/2021,1636,N,VIIRS,n,1,282.37,6.51,D,2
471,10.432446,-61.464443,326.87,0.72,0.76,9/28/2021,1818,N,VIIRS,n,1,288.59,4.54,D,0
469,10.419782,-61.473579,328.32,0.72,0.76,9/28/2021,1818,N,VIIRS,n,1,289.39,7.53,D,0
470,10.416799,-61.476463,335.96,0.72,0.76,9/28/2021,1818,N,VIIRS,n,1,290.05,7.47,D,2
464,10.419937,-61.485699,310.03,0.4,0.37,9/28/2021,530,N,VIIRS,n,1,292.8,1.52,N,2
467,10.408688,-61.479988,305.63,0.4,0.37,9/28/2021,530,N,VIIRS,n,1,292.93,1,N,2
466,10.412064,-61.479462,308.08,0.4,0.37,9/28/2021,530,N,VIIRS,n,1,293.9,1,N,2
465,10.41544,-61.478928,332.62,0.4,0.37,9/28/2021,530,N,VIIRS,n,1,294.56,5.54,N,2
463,10.418815,-61.478401,331.84,0.4,0.37,9/28/2021,530,N,VIIRS,n,1,297.03,5.54,N,2
472,10.418601,-61.481102,324.39,0.46,0.47,9/29/2021,512,N,VIIRS,n,1,291.64,3.22,N,2
476,10.756392,-61.441296,303.11,0.79,0.78,9/30/2021,630,N,VIIRS,n,1,284.85,1.03,N,0
473,10.421051,-61.482018,305.42,0.48,0.65,9/30/2021,454,N,VIIRS,n,1,287.45,0.58,N,0
474,10.415041,-61.482834,307.43,0.48,0.65,9/30/2021,454,N,VIIRS,n,1,287.94,1.06,N,2
475,10.143568,-60.997437,313.2,0.44,0.63,9/30/2021,454,N,VIIRS,n,1,289.04,1.66,N,3
477,10.327188,-60.996075,346.42,0.54,0.42,9/30/2021,1736,N,VIIRS,n,1,297.07,14.44,D,0
478,10.42025,-61.478233,302.45,0.39,0.59,10/1/2021,612,N,VIIRS,n,1,278.28,0.56,N,2
479,10.414804,-61.479279,306.11,0.39,0.59,10/1/2021,612,N,VIIRS,n,1,282.58,0.56,N,2
480,10.40936,-61.480335,304.59,0.39,0.59,10/1/2021,612,N,VIIRS,n,1,284.08,1.16,N,2
481,10.417966,-61.477474,313.05,0.57,0.43,10/2/2021,554,N,VIIRS,n,1,290.64,1.26,N,2
482,10.416141,-61.479282,314.04,0.57,0.43,10/2/2021,554,N,VIIRS,n,1,291.15,2.57,N,2
483,10.416336,-61.48003,314.95,0.38,0.36,10/3/2021,536,N,VIIRS,n,1,291.04,1.55,N,2
484,10.41859,-61.480877,316.53,0.55,0.43,10/4/2021,518,N,VIIRS,n,1,290.23,2.76,N,2
485,10.418709,-61.477489,341.8,0.42,0.46,10/5/2021,1742,N,VIIRS,n,1,295.97,9.53,D,2
486,10.422705,-61.48468,310.32,0.78,0.78,10/6/2021,436,N,VIIRS,n,1,286.19,2.25,N,0
488,10.411537,-61.479652,303.55,0.5,0.66,10/6/2021,618,N,VIIRS,n,1,288.16,2.27,N,2
487,10.417552,-61.478451,344.81,0.5,0.66,10/6/2021,618,N,VIIRS,n,1,288.77,7.17,N,2
490,10.419622,-61.485313,338.23,0.39,0.36,10/6/2021,1724,N,VIIRS,n,1,303.1,1.89,D,2
489,10.417347,-61.477707,331.17,0.39,0.36,10/6/2021,1724,N,VIIRS,l,1,303.14,1.34,D,2
491,10.418799,-61.484707,303.72,0.41,0.37,10/8/2021,542,N,VIIRS,n,1,290.29,0.8,N,2
494,10.404402,-61.460514,311.72,0.41,0.37,10/8/2021,542,N,VIIRS,n,1,290.3,1.19,N,2
492,10.4182,-61.481007,308.36,0.41,0.37,10/8/2021,542,N,VIIRS,n,1,290.34,0.8,N,2
493,10.4176,-61.47731,315.19,0.41,0.37,10/8/2021,542,N,VIIRS,n,1,291.03,1.19,N,2
495,10.416946,-61.478374,322.58,0.46,0.39,10/9/2021,524,N,VIIRS,n,1,292.51,2.45,N,2
496,10.416763,-61.483158,313.64,0.59,0.53,10/10/2021,506,N,VIIRS,n,1,287.82,3.05,N,2
497,10.401444,-61.479763,311.05,0.59,0.53,10/10/2021,506,N,VIIRS,n,1,288.34,2.1,N,0
500,10.222906,-61.624958,304.13,0.62,0.72,10/11/2021,448,N,VIIRS,n,1,267.79,1.58,N,0
501,10.226072,-61.621033,297.41,0.62,0.72,10/11/2021,448,N,VIIRS,n,1,268.67,2.52,N,0
502,10.418308,-61.482174,297.64,0.63,0.72,10/11/2021,624,N,VIIRS,n,1,273.52,1.37,N,2
504,10.419373,-61.476059,300.27,0.63,0.72,10/11/2021,624,N,VIIRS,n,1,278.82,1.59,N,0
503,10.417119,-61.476395,302.13,0.63,0.72,10/11/2021,624,N,VIIRS,n,1,279.68,1.37,N,2
498,10.416324,-61.481491,306.92,0.61,0.71,10/11/2021,448,N,VIIRS,n,1,286.3,2.54,N,2
499,10.419012,-61.480652,306.05,0.61,0.71,10/11/2021,448,N,VIIRS,n,1,286.4,2.25,N,2
506,10.416098,-61.478859,337.53,0.43,0.38,10/11/2021,1730,N,VIIRS,n,1,300.44,4.26,D,2
505,10.415617,-61.478695,337.42,0.43,0.38,10/11/2021,1730,N,VIIRS,n,1,300.69,3.24,D,2
509,10.221727,-61.622158,304.88,0.6,0.53,10/12/2021,606,N,VIIRS,n,1,288.72,1.76,N,0
507,10.416941,-61.479946,319.9,0.61,0.53,10/12/2021,606,N,VIIRS,n,1,289.16,3.56,N,2
508,10.226604,-61.621284,320.06,0.6,0.53,10/12/2021,606,N,VIIRS,n,1,289.31,1.76,N,0
510,10.490196,-61.462387,329.63,0.42,0.38,10/12/2021,1712,N,VIIRS,n,1,297.26,1.98,D,0
512,10.416387,-61.478432,301.84,0.47,0.4,10/13/2021,548,N,VIIRS,n,1,267.66,0.82,N,2
511,10.420012,-61.47781,297.53,0.47,0.4,10/13/2021,548,N,VIIRS,n,1,268.08,0.82,N,2
513,10.415475,-61.480099,331.34,0.52,0.5,10/13/2021,1654,N,VIIRS,n,1,294.28,6.38,D,2
514,10.419258,-61.479149,325.92,0.4,0.37,10/14/2021,530,N,VIIRS,n,1,284.08,2.07,N,2
515,10.41588,-61.479679,318.04,0.4,0.37,10/14/2021,530,N,VIIRS,n,1,284.42,2.07,N,2
516,10.409126,-61.48074,304.17,0.4,0.37,10/14/2021,530,N,VIIRS,n,1,284.65,1.22,N,2
517,10.419612,-61.480423,312.88,0.46,0.47,10/15/2021,512,N,VIIRS,n,1,276.87,1.09,N,2
518,10.415249,-61.48106,305.69,0.46,0.47,10/15/2021,512,N,VIIRS,n,1,277.19,1.09,N,2
519,10.419278,-61.479313,315.17,0.46,0.47,10/15/2021,512,N,VIIRS,n,1,278.17,0.84,N,2
520,10.414917,-61.479939,302.33,0.46,0.47,10/15/2021,512,N,VIIRS,n,1,278.62,0.84,N,2
521,10.418512,-61.476414,333.17,0.35,0.56,10/15/2021,1754,N,VIIRS,n,1,293.45,4.29,D,2
522,10.418113,-61.479591,331.55,0.35,0.56,10/15/2021,1754,N,VIIRS,n,1,294.19,4.84,D,2
523,10.420897,-61.484665,314.97,0.48,0.65,10/16/2021,454,N,VIIRS,n,1,290.22,2.24,N,2
526,10.418382,-61.479237,315.43,0.48,0.65,10/16/2021,454,N,VIIRS,n,1,290.59,3.82,N,2
524,10.42036,-61.480129,318.93,0.48,0.65,10/16/2021,454,N,VIIRS,n,1,290.63,2.24,N,2
525,10.418952,-61.483772,329.51,0.48,0.65,10/16/2021,454,N,VIIRS,n,1,290.67,3.82,N,2
527,10.419202,-61.47541,330.88,0.51,0.41,10/16/2021,1736,N,VIIRS,n,1,297.82,5.6,D,0
528,10.420185,-61.477077,300.27,0.39,0.59,10/17/2021,612,N,VIIRS,n,1,277.75,1.01,N,2
529,10.41474,-61.478123,297.32,0.39,0.59,10/17/2021,612,N,VIIRS,n,1,279.44,1.01,N,2
532,10.404446,-61.460411,305.55,0.57,0.43,10/18/2021,554,N,VIIRS,n,1,292.96,0.97,N,2
530,10.420031,-61.479092,310.96,0.57,0.43,10/18/2021,554,N,VIIRS,n,1,293.89,2.17,N,2
531,10.416056,-61.47979,315.1,0.57,0.43,10/18/2021,554,N,VIIRS,n,1,294.27,2.17,N,2
534,10.404673,-61.460495,308.07,0.38,0.36,10/19/2021,536,N,VIIRS,n,1,291.14,0.72,N,2
535,10.223833,-61.622459,306.36,0.38,0.36,10/19/2021,536,N,VIIRS,n,1,292.88,0.63,N,0
533,10.417917,-61.47987,331.86,0.38,0.36,10/19/2021,536,N,VIIRS,n,1,293.83,3.57,N,2
537,10.415562,-61.480587,306.8,0.55,0.43,10/20/2021,518,N,VIIRS,n,1,293.73,1.9,N,2
536,10.419485,-61.48,321.45,0.55,0.43,10/20/2021,518,N,VIIRS,n,1,294.12,2.34,N,2
540,10.149446,-61.070587,308.99,0.35,0.57,10/21/2021,500,N,VIIRS,n,1,287.68,1.06,N,0
539,10.4142,-61.481182,303.63,0.38,0.58,10/21/2021,500,N,VIIRS,n,1,288.07,1.59,N,2
538,10.419611,-61.480423,332.79,0.38,0.58,10/21/2021,500,N,VIIRS,n,1,288.26,1.59,N,2
542,10.403312,-61.461742,306.61,0.41,0.37,10/24/2021,542,N,VIIRS,n,1,291.88,0.71,N,2
541,10.417746,-61.485985,305.2,0.41,0.37,10/24/2021,542,N,VIIRS,n,1,291.96,1.02,N,3
543,10.402928,-61.461327,307.75,0.47,0.4,10/29/2021,548,N,VIIRS,n,1,289.59,0.92,N,2
544,10.457051,-61.476318,334.6,0.52,0.5,10/29/2021,1654,N,VIIRS,n,1,292.08,3.4,D,0
547,10.141328,-60.997017,329.87,0.5,0.66,10/30/2021,1636,N,VIIRS,n,1,286.72,6.27,D,3
546,10.404461,-61.462776,308.58,0.4,0.37,10/30/2021,530,N,VIIRS,n,1,292.08,0.79,N,2
545,10.407235,-61.480949,309.46,0.4,0.37,10/30/2021,530,N,VIIRS,n,1,292.71,0.83,N,2
548,10.408895,-61.480473,307.28,0.46,0.47,10/31/2021,512,N,VIIRS,n,1,292.45,2,N,2
549,10.139551,-60.997368,319.35,0.44,0.62,11/1/2021,454,N,VIIRS,n,1,289.06,2.39,N,3
551,10.410863,-61.479446,311.96,0.39,0.6,11/2/2021,612,N,VIIRS,n,1,288.68,3.39,N,2
550,10.416329,-61.47839,349.88,0.39,0.6,11/2/2021,612,N,VIIRS,n,1,289.61,3.39,N,2
552,10.415522,-61.478294,305.57,0.38,0.44,11/3/2021,554,N,VIIRS,n,1,290.4,1.43,N,2
556,10.404301,-61.462032,312.87,0.38,0.36,11/4/2021,536,N,VIIRS,n,1,293.16,1.08,N,2
555,10.407068,-61.479515,310.28,0.38,0.36,11/4/2021,536,N,VIIRS,n,1,293.63,0.79,N,2
557,10.353,-61.459579,304.87,0.38,0.36,11/4/2021,536,N,VIIRS,n,1,294.02,1.76,N,3
553,10.416994,-61.477905,309.15,0.38,0.36,11/4/2021,536,N,VIIRS,n,1,294.98,1.12,N,2
554,10.410378,-61.478985,306.67,0.38,0.36,11/4/2021,536,N,VIIRS,n,1,295.09,0.79,N,2
558,10.352821,-61.461319,304.2,0.51,0.66,11/7/2021,618,N,VIIRS,n,1,291.02,1.24,N,3
559,10.603713,-61.361469,332.11,0.39,0.36,11/7/2021,1724,N,VIIRS,n,1,297.11,2.33,D,0
561,10.524299,-61.434315,328.98,0.49,0.4,11/8/2021,1706,N,VIIRS,n,1,295.42,3.31,D,0
560,10.522579,-61.435757,332.33,0.49,0.4,11/8/2021,1706,N,VIIRS,n,1,295.54,2.21,D,0
562,10.402952,-61.460438,305.49,0.41,0.37,11/9/2021,542,N,VIIRS,n,1,284.65,0.71,N,2
564,10.355202,-61.459824,301.28,0.64,0.72,11/12/2021,624,N,VIIRS,n,1,287.42,0.72,N,0
563,10.411465,-61.481579,302.69,0.6,0.71,11/12/2021,448,N,VIIRS,n,1,289.79,1.58,N,2
565,10.405289,-61.461281,304.03,0.48,0.4,11/14/2021,548,N,VIIRS,n,1,292.1,0.65,N,2
566,10.352738,-61.461445,307.13,0.48,0.4,11/14/2021,548,N,VIIRS,n,1,293.26,1.01,N,0
567,10.402887,-61.459824,308.05,0.4,0.37,11/15/2021,530,N,VIIRS,n,1,292.76,0.4,N,2
568,10.456368,-61.46244,347.16,0.35,0.57,11/16/2021,1800,N,VIIRS,n,1,295.25,3.91,D,0
569,10.225112,-61.623119,327.02,0.43,0.62,11/20/2021,1642,N,VIIRS,n,1,289.98,2.72,D,0
570,10.419787,-61.484222,304.15,0.54,0.42,11/21/2021,518,N,VIIRS,n,1,291.42,0.96,N,2
571,10.416959,-61.4814,304.7,0.37,0.58,11/22/2021,500,N,VIIRS,n,1,282.44,1.27,N,2
572,10.22717,-61.623749,313.01,0.78,0.78,11/23/2021,442,N,VIIRS,n,1,281.66,2.52,N,0
573,10.403355,-61.460091,305.89,0.45,0.39,11/26/2021,524,N,VIIRS,n,1,288.48,0.75,N,2
574,10.223105,-61.623661,302.55,0.59,0.53,11/27/2021,506,N,VIIRS,n,1,258.23,1.62,N,0
579,10.221655,-61.62056,310.92,0.63,0.72,11/28/2021,624,N,VIIRS,n,1,281.81,2.03,N,0
578,10.228275,-61.619263,318.19,0.63,0.72,11/28/2021,624,N,VIIRS,n,1,282.43,2.03,N,0
576,10.221883,-61.625076,307.79,0.62,0.71,11/28/2021,448,N,VIIRS,n,1,283.03,1.34,N,0
577,10.224869,-61.623798,323.74,0.62,0.71,11/28/2021,448,N,VIIRS,n,1,283.27,5.62,N,0
575,10.228498,-61.624016,306.36,0.62,0.71,11/28/2021,448,N,VIIRS,n,1,283.7,1.34,N,0
580,10.224468,-61.620819,345.62,0.43,0.38,11/28/2021,1730,N,VIIRS,n,1,297.14,6.49,D,0
583,10.222363,-61.62149,308.42,0.61,0.53,11/29/2021,606,N,VIIRS,n,1,278.41,1.15,N,0
582,10.227268,-61.620602,302.19,0.61,0.53,11/29/2021,606,N,VIIRS,n,1,278.7,1.15,N,0
581,10.223817,-61.620068,317.48,0.61,0.53,11/29/2021,606,N,VIIRS,n,1,278.78,3.58,N,0
584,10.409945,-61.477951,334.35,0.42,0.38,11/29/2021,1712,N,VIIRS,n,1,290.94,3.37,D,2
586,10.408226,-61.478588,309.24,0.46,0.47,12/2/2021,512,N,VIIRS,n,1,292.9,0.98,N,2
585,10.412562,-61.477966,306.43,0.46,0.47,12/2/2021,512,N,VIIRS,n,1,293.4,1.51,N,2
587,10.222551,-61.622234,336.52,0.48,0.65,12/3/2021,454,N,VIIRS,n,1,286.62,3.74,N,0
591,10.409381,-61.475521,304.7,0.4,0.6,12/4/2021,612,N,VIIRS,n,1,292.2,1.04,N,0
589,10.415522,-61.478054,304.01,0.39,0.6,12/4/2021,612,N,VIIRS,n,1,292.52,1.47,N,2
588,10.416866,-61.485252,307.01,0.39,0.6,12/4/2021,612,N,VIIRS,n,1,292.67,2.07,N,3
590,10.410052,-61.479115,309.15,0.39,0.6,12/4/2021,612,N,VIIRS,n,1,293.02,1.47,N,2
593,10.404121,-61.459858,310.08,0.38,0.36,12/6/2021,536,N,VIIRS,n,1,291.93,0.78,N,2
592,10.417349,-61.479229,311.78,0.38,0.36,12/6/2021,536,N,VIIRS,n,1,293.59,1.41,N,2
596,10.225016,-61.619568,329.49,0.38,0.59,12/8/2021,500,N,VIIRS,n,1,288.84,3,N,0
595,10.225468,-61.623093,334.09,0.38,0.59,12/8/2021,500,N,VIIRS,n,1,288.95,3,N,0
594,10.408854,-61.480881,304.55,0.37,0.58,12/8/2021,500,N,VIIRS,n,1,290.51,1.15,N,2
599,10.221129,-61.626045,307.65,0.79,0.78,12/9/2021,442,N,VIIRS,n,1,287.69,2.97,N,3
597,10.222165,-61.627075,316.65,0.79,0.78,12/9/2021,442,N,VIIRS,n,1,288.02,5.9,N,0
598,10.228387,-61.624889,310.19,0.79,0.78,12/9/2021,442,N,VIIRS,n,1,288.61,2.97,N,3
601,10.411119,-61.478027,302.34,0.5,0.66,12/9/2021,618,N,VIIRS,n,1,289.94,1.13,N,2
600,10.417157,-61.476818,306.58,0.5,0.66,12/9/2021,618,N,VIIRS,n,1,290.25,1.13,N,2
602,10.223727,-61.617569,336.94,0.5,0.65,12/9/2021,618,N,VIIRS,n,1,290.65,6.14,N,0
604,10.386248,-61.435181,332.24,0.39,0.36,12/9/2021,1724,N,VIIRS,n,1,299.56,1.28,D,0
603,10.373734,-61.473335,337.55,0.39,0.36,12/9/2021,1724,N,VIIRS,n,1,302.75,10.96,D,3
605,10.415433,-61.476936,299.23,0.48,0.48,12/10/2021,600,N,VIIRS,n,1,280.45,1.83,N,2
606,10.374054,-61.475391,327.28,0.48,0.48,12/10/2021,600,N,VIIRS,n,1,284.96,3.28,N,0
607,10.371584,-61.475731,345.02,0.5,0.41,12/10/2021,1706,N,VIIRS,n,1,299.57,5.21,D,3
608,10.417136,-61.478642,328.5,0.5,0.41,12/10/2021,1706,N,VIIRS,l,1,300.45,2.18,D,2
609,10.646467,-61.471901,342.33,0.49,0.41,12/10/2021,1706,N,VIIRS,n,1,304.58,32.01,D,0
610,10.372061,-61.476627,329.06,0.41,0.37,12/11/2021,542,N,VIIRS,n,1,290.9,2.65,N,3
611,10.418789,-61.479202,336.98,0.39,0.36,12/20/2021,1718,N,VIIRS,n,1,295.49,2.74,D,2
612,10.417681,-61.477432,331.78,0.38,0.36,12/22/2021,536,N,VIIRS,n,1,292.89,3.19,N,2
613,10.223272,-61.621162,333.58,0.43,0.62,12/23/2021,1806,N,VIIRS,n,1,291.33,5.91,D,0
614,10.419098,-61.480453,302.26,0.38,0.58,12/24/2021,500,N,VIIRS,n,1,289.73,1.23,N,2
615,10.224125,-61.621674,331.99,0.38,0.59,12/24/2021,500,N,VIIRS,n,1,291.73,2.54,N,0
617,10.398152,-61.47654,305.25,0.41,0.37,12/27/2021,542,N,VIIRS,n,1,292.2,0.92,N,0
616,10.408938,-61.478539,305.12,0.41,0.37,12/27/2021,542,N,VIIRS,n,1,292.38,1.3,N,2
618,10.406925,-61.479237,305.18,0.46,0.39,12/28/2021,524,N,VIIRS,n,1,291.97,0.63,N,2
619,10.41685,-61.479599,306,0.61,0.53,12/31/2021,606,N,VIIRS,n,1,292.4,1.23,N,2
620,10.526433,-61.433891,340.84,0.42,0.38,12/31/2021,1712,N,VIIRS,n,1,300.8,3.29,D,0
